{
  "model": "PennyLaneVQC",
  "feature_cols": [
    "PC1",
    "PC2",
    "PC3",
    "PC4",
    "PC5"
  ],
  "n_qubits": 5,
  "n_layers": 2,
  "epochs": 20,
  "batch_size": 64,
  "learning_rate": 0.05,
  "seed": 42,
  "class_balance_train_subset": {
    "positive_rate": 0.091796875,
    "positive_count": 94,
    "negative_count": 930,
    "pos_weight": 9.893617021276595
  },
  "threshold_selection": {
    "operating_threshold": 0.3,
    "selected_for_predictions": "insurance_recall_priority",
    "best_f1_threshold": 0.01,
    "best_precision_with_recall_ge_0_5_threshold": 0.49,
    "recall_constraint_feasible": true
  },
  "metrics_val_operating_threshold": {
    "roc_auc": 0.44862089607220146,
    "pr_auc": 0.07509227625902093,
    "accuracy": 0.06941766293868107,
    "precision": 0.06941766293868107,
    "recall": 1.0,
    "f1": 0.1298232960692391,
    "threshold": 0.3,
    "tp": 180,
    "tn": 0,
    "fp": 2413,
    "fn": 0,
    "n_predicted_positive": 2593
  },
  "metrics_val_best_f1": {
    "roc_auc": 0.44862089607220146,
    "pr_auc": 0.07509227625902093,
    "accuracy": 0.06941766293868107,
    "precision": 0.06941766293868107,
    "recall": 1.0,
    "f1": 0.1298232960692391,
    "threshold": 0.01,
    "tp": 180,
    "tn": 0,
    "fp": 2413,
    "fn": 0,
    "n_predicted_positive": 2593
  }
}