{
  "model": "QiskitVQC",
  "feature_cols": [
    "PC1",
    "PC2",
    "PC3",
    "PC4",
    "PC5"
  ],
  "n_qubits": 5,
  "n_layers": 2,
  "epochs": 20,
  "batch_size": 64,
  "learning_rate": 0.05,
  "seed": 42,
  "class_balance_train_subset": {
    "positive_rate": 0.091796875,
    "positive_count": 94,
    "negative_count": 930,
    "pos_weight": 9.893617021276595
  },
  "threshold_selection": {
    "operating_threshold": 0.3,
    "selected_for_predictions": "insurance_recall_priority",
    "best_f1_threshold": 0.62,
    "best_precision_with_recall_ge_0_5_threshold": 0.51,
    "recall_constraint_feasible": true
  },
  "score_orientation": {
    "auc_before_orientation_check": 0.306581249712207,
    "orientation_flipped": true
  },
  "metrics_val_operating_threshold": {
    "roc_auc": 0.6934152967721141,
    "pr_auc": 0.17310965484274574,
    "accuracy": 0.4600848438102584,
    "precision": 0.09224598930481283,
    "recall": 0.7666666666666667,
    "f1": 0.16467780429594273,
    "threshold": 0.3,
    "tp": 138,
    "tn": 1055,
    "fp": 1358,
    "fn": 42,
    "n_predicted_positive": 1496
  },
  "metrics_val_best_f1": {
    "roc_auc": 0.6934152967721141,
    "pr_auc": 0.17310965484274574,
    "accuracy": 0.8596220593906672,
    "precision": 0.21428571428571427,
    "recall": 0.38333333333333336,
    "f1": 0.2749003984063745,
    "threshold": 0.62,
    "tp": 69,
    "tn": 2160,
    "fp": 253,
    "fn": 111,
    "n_predicted_positive": 322
  }
}