epoch,batch_loss,val_f1,val_precision,val_recall,threshold
1,2.043828275223752,0.09865824782951854,0.05310110450297366,0.6944444444444444,0.3
5,2.4047242769593042,0.10236220472440945,0.05508474576271186,0.7222222222222222,0.3
10,1.3142155743220965,0.10697674418604651,0.0575,0.7666666666666667,0.3
15,1.3414884967006229,0.11778029445073612,0.06318347509113001,0.8666666666666667,0.3
20,1.3842165371617412,0.1298232960692391,0.06941766293868107,1.0,0.3
