epoch,batch_loss,val_f1,val_precision,val_recall,threshold
1,2.252315149316122,0.10348882791062329,0.05567271193589203,0.7333333333333333,0.3
5,1.2057253350967438,0.10200078462142016,0.054875474883917266,0.7222222222222222,0.3
10,2.014698848272147,0.10200078462142016,0.054875474883917266,0.7222222222222222,0.3
15,1.5653093744114601,0.10266457680250783,0.05522765598650928,0.7277777777777777,0.3
20,1.4062185140448094,0.10270482163857311,0.05525094896668072,0.7277777777777777,0.3
