{
  "model": "QiskitQKE+SVC",
  "feature_cols": [
    "PC1",
    "PC2",
    "PC3",
    "PC4",
    "PC5"
  ],
  "n_qubits": 5,
  "kernel": "AngleEmbedding+CZ+cross-term",
  "seed": 42,
  "svm_c": 1.0,
  "n_train_used": 128,
  "n_train_full": 10372,
  "n_val": 2593,
  "n_predict_2023": 2593,
  "threshold_selection": {
    "operating_threshold": 0.3,
    "selected_for_predictions": "insurance_recall_priority",
    "best_f1_threshold": 0.22,
    "best_precision_with_recall_ge_0_5_threshold": 0.26,
    "recall_constraint_feasible": true
  },
  "metrics_val_operating_threshold": {
    "roc_auc": 0.812203573237556,
    "pr_auc": 0.22249459320817488,
    "accuracy": 0.8785190898573081,
    "precision": 0.28434504792332266,
    "recall": 0.49444444444444446,
    "f1": 0.36105476673427994,
    "threshold": 0.3,
    "tp": 89,
    "tn": 2189,
    "fp": 224,
    "fn": 91,
    "n_predicted_positive": 313
  },
  "metrics_val_best_f1": {
    "roc_auc": 0.812203573237556,
    "pr_auc": 0.22249459320817488,
    "accuracy": 0.870420362514462,
    "precision": 0.2891891891891892,
    "recall": 0.5944444444444444,
    "f1": 0.3890909090909091,
    "threshold": 0.22,
    "tp": 107,
    "tn": 2150,
    "fp": 263,
    "fn": 73,
    "n_predicted_positive": 370
  }
}